Name,Symbol,UUID,IsMinor,Semitones,Formula
maj,M,0e11ef88-c67d-4285-9b2b-b8b232386842,0,0 4 7,1 3 5
min,m,4425f04f-dac5-469c-90bf-a7201af10e6e,1,0 3 7,1 b3 5
dim,o,c5dea2d4-58da-400d-b23c-d6af34fd47df,1,0 3 6,1 b3 b5
aug,+,1fbf73c6-8c0d-416a-84d3-4c2386eb49f1,0,0 4 8,1 3 #5
sus2,sus2,e669c6ba-6da5-4db6-8e80-64d9173584e4,0,0 2 7,1 2 5
sus4,sus4,fcf56e7c-4b66-4fc5-a828-37e69d1f9260,0,0 5 7,1 4 5
sus4 b9 #11,sus4 b9 #11,9e698a28-07e9-43fc-882c-45a1b0cdb5e1,0,0 5 7 13 18,1 4 5 b9 #11
maj7,M7,6941c58a-509d-4eef-9a69-cb2340b9d6c1,0,0 4 7 11,1 3 5 7
maj7(sus2),M7(sus2),0b93efba-0926-4e9a-bb38-a36cc2e91631,0,0 2 7 11,1 2 5 7
maj7(sus4),M7(sus4),91cbcafb-2a2d-44e6-a557-84651b4a7676,0,0 5 7 11,1 4 5 7
maj7(sus4) b9,M7(sus4) b9,2be2cdb5-2d77-40da-b95b-c92073984582,0,0 5 7 11 13,1 4 5 7 b9
maj7(sus2) 13,M7(sus2) 13,76892290-d115-412d-b33e-6ce3b7f0b8e8,0,0 2 7 11 21,1 2 5 7 13
maj7(sus4) #11,M7(sus4) #11,bf84beb4-80e3-43b9-9efd-a6b75f68f202,0,0 5 7 11 18,1 4 5 7 #11
maj7 b9,M7 b9,afa05fe1-502e-4556-8829-4cac56c79b45,0,0 4 7 11 13,1 3 5 7 b9
maj7 #9,M7 #9,1a052bc3-a8cb-4100-bee5-45cad1386a67,0,0 4 7 11 15,1 3 5 7 #9
maj7 #9 #11,M7 #9 #11,cc995ece-99d8-4e5f-bc02-d48c3ae2ef77,0,0 4 7 11 15 18,1 3 5 7 #9 #11
maj7(b5),M7(b5),3145d4f5-ab26-41fd-80c6-21839529a5a6,0,0 4 6 11,1 3 b5 7
maj7(b5) b9,M7(b5) b9,a510a0bd-3dc8-4a36-9e7a-d78534c82e57,0,0 4 6 11 13,1 3 b5 7 b9
maj7(b5) #9 13,M7(b5) #9 13,3f18e2f2-4df4-437c-bb34-6a597ed0d687,0,0 4 6 11 15 21,1 3 b5 7 #9 13
min7,m7,01280a07-b152-4590-a81a-7e0dd08ee06c,1,0 3 7 10,1 b3 5 b7
min7(b5),m7(b5),5fa6dbed-ebb8-4530-b54c-2e82df10b0c0,1,0 3 6 10,1 b3 b5 b7
min7 b9,m7 b9,a7624eb4-5f8b-4501-ac66-fa8750bf6ee0,1,0 3 7 10 13,1 b3 5 b7 b9
min7 11,m7 11,3db3a380-bf66-4577-b900-8d23f3b0a2b2,1,0 3 7 10 17,1 b3 5 b7 11
min7 13,m7 13,80e643b0-7e43-4ef7-b324-09993573b983,1,0 3 7 10 21,1 b3 5 b7 13
min7 11 13,m7 11 13,7e521781-5bbd-41fa-bd00-aff776cc6ed8,1,0 3 7 10 17 21,1 b3 5 b7 11 13
min7 #11,m7 #11,ec72e6d1-3e42-42f2-80ef-b5c5301b9d09,1,0 3 7 10 18,1 b3 5 b7 #11
min11(b9),m11(b9),27a00650-3e78-4102-b176-da1a49f8c36b,1,0 3 7 10 13 17,1 b3 5 b7 b9 11
min11(b9) b13,m11(b9) b13,f8282ef5-63c4-4447-bd13-eb4b527bc244,1,0 3 7 10 13 17 20,1 b3 5 b7 b9 11 b13
7 b9 #9,7 b9 #9,c734d9fa-905c-4215-b6df-37627836a080,0,0 4 7 10 13 15,1 3 5 b7 b9 #9
min7 b9 #11,m7 b9 #11,943b41a4-66f7-403f-9f00-0704740cf1be,1,0 3 7 10 13 18,1 b3 5 b7 b9 #11
7 b9 #9 b13,7 b9 #9 b13,65101bb0-17d5-4048-8a6d-487d4f0e9faf,0,0 4 7 10 13 15 20,1 3 5 b7 b9 #9 b13
min7 b9 #11 b13,m7 b9 #11 b13,c3e5134b-1014-4b81-8eae-b5c264e376af,1,0 3 7 10 13 18 20,1 b3 5 b7 b9 #11 b13
min11 b13,m11 b13,fe50d5b8-9859-49e3-b69e-3bb332880ae6,1,0 3 7 10 14 17 20,1 b3 5 b7 9 11 b13
min7(b5) b9,m7(b5) b9,d51f8ce3-4e87-4d3b-917e-fa2751265a23,1,0 3 6 10 13,1 b3 b5 b7 b9
min11(b5 b9),m11(b5 b9),e525b986-e0bf-4deb-9e36-e1f93c523696,1,0 3 6 10 13 17,1 b3 b5 b7 b9 11
7(b5) b9 #9,7(b5) b9 #9,436e4d7d-68d4-4de1-b6e2-b094f3b97e7a,0,0 4 6 10 13 15,1 3 b5 b7 b9 #9
min11(b5 b9) b13,m11(b5 b9) b13,c50e518d-6ff4-45a0-9995-76d5316fb826,1,0 3 6 10 13 17 20,1 b3 b5 b7 b9 11 b13
7(b5) b9 #9 b13,7(b5) b9 #9 b13,91a4031b-b099-4c32-b4e9-c852fb699b5f,0,0 4 6 10 13 15 20,1 3 b5 b7 b9 #9 b13
min13(b5 b9),m13(b5 b9),2ee7843c-3fe2-43d5-ac7a-7a3e64915303,1,0 3 6 10 13 17 21,1 b3 b5 b7 b9 11 13
min11 maj7 b13,m11 M7 b13,8fa86e98-3e3e-4cd7-a910-38425c7cb327,1,0 3 7 10 11 14 17 20,1 b3 5 b7 7 9 11 b13
min7 maj7 #11,m7 M7 #11,75382745-a4ee-459d-bee2-c09011186923,1,0 3 7 10 11 18,1 b3 5 b7 7 #11
min maj7,m M7,9accabdf-bac0-46f1-b5af-35ae43cf91e1,1,0 3 7 11,1 b3 5 7
min maj9,m M9,3073b282-f983-4461-a4a4-106750135b4b,1,0 3 7 11 14,1 b3 5 7 9
min maj7 b9,m M7 b9,80ec4a2c-1b00-403c-a15b-0a8a9184d13e,1,0 3 7 11 13,1 b3 5 7 b9
min maj7 #11,m M7 #11,7038d87e-014f-4be3-a8af-2acd205d9c5f,1,0 3 7 11 18,1 b3 5 7 #11
min maj7 b9 #11,m M7 b9 #11,fb0a0ec1-0f9b-455b-9ecc-b760b1081ca6,1,0 3 7 11 13 18,1 b3 5 7 b9 #11
min maj7 b9 #11 b13,m M7 b9 #11 b13,d43845fe-aab4-4c19-b576-efe48182d98d,1,0 3 7 11 13 18 20,1 b3 5 7 b9 #11 b13
min maj9 #11,m M9 #11,f1dc629e-6df3-47af-8f1d-0e8733564825,1,0 3 7 11 14 18,1 b3 5 7 9 #11
min maj11,m M11,8b8cd47b-7ca9-4100-bea3-6f596e19fe39,1,0 3 7 11 14 17,1 b3 5 7 9 11
min maj11(b9),m M11(b9),8286677a-e082-4221-951f-708f4f3793b1,1,0 3 7 11 13 17,1 b3 5 7 b9 11
min maj13(#11),m M13(#11),2abaa030-a709-4592-b1f4-98b0e530433b,1,0 3 7 11 14 18 21,1 b3 5 7 9 #11 13
min maj9 #11 b13,m M9 #11 b13,368f0a71-aee5-4848-873f-d76f5d558d41,1,0 3 7 11 14 18 20,1 b3 5 7 9 #11 b13
min maj13,m M13,e7b36dfe-1e40-46be-a576-adfe34ca0f33,1,0 3 7 11 14 17 21,1 b3 5 7 9 11 13
min maj13(b9),m M13(b9),5a0f822d-0cde-4e1d-9c7f-d81da4406729,1,0 3 7 11 13 17 21,1 b3 5 7 b9 11 13
min maj11 b13,m M11 b13,072ee3de-9dfb-4c1c-accb-21a5446c1863,1,0 3 7 11 14 17 20,1 b3 5 7 9 11 b13
min maj11(b9) b13,m M11(b9) b13,a9fa77b6-d752-400b-98ab-6a8940e7e370,1,0 3 7 11 13 17 20,1 b3 5 7 b9 11 b13
7,7,70b96823-2078-4949-8060-86c62883df2d,0,0 4 7 10,1 3 5 b7
7(sus2),7(sus2),e240884a-71fc-4603-ae81-1dd0c1594e57,0,0 2 7 10,1 2 5 b7
7(sus4),7(sus4),36a55048-bc05-449f-8987-e056ed1cf975,0,0 5 7 10,1 4 5 b7
7(sus2 b5),7(sus2 b5),30d80b6e-a89d-4bd3-89ab-5ff0bd449c9d,0,0 2 6 10,1 2 b5 b7
7(sus2 b5) b9,7(sus2 b5) b9,908a7e2b-27bd-4ddf-8cd0-3d6229e2aa12,0,0 2 6 10 13,1 2 b5 b7 b9
9(b5) b9,9(b5) b9,12053a31-ee64-42cb-be76-a3e632eda58a,0,0 4 6 10 13 14,1 3 b5 b7 b9 9
9(b5) b9 b13,9(b5) b9 b13,08eaf60a-d288-4f2d-af0c-8c523bd412c5,0,0 4 6 10 13 14 20,1 3 b5 b7 b9 9 b13
7(sus2) #11,7(sus2) #11,27d4433d-470e-4977-9e56-7a63db8bbb84,0,0 2 7 10 18,1 2 5 b7 #11
7(b5),7(b5),65cf4f4e-1d12-400d-9a29-2b76e40d1373,0,0 4 6 10,1 3 b5 b7
7(b5) 11,7(b5) 11,169ebdcd-78a7-405a-8d92-db761751eaa8,0,0 4 6 10 17,1 3 b5 b7 11
7(b5) #11,7(b5) #11,95d542d0-0eb7-4079-a624-8046e3592e59,0,0 4 6 10 18,1 3 b5 b7 #11
9 13,9 13,b5b934cb-d907-415a-9882-b4c0f529819c,0,0 4 7 10 14 21,1 3 5 b7 9 13
dim7,o7,e44f834f-6039-45e1-b8e0-b95d1e71ae89,1,0 3 6 9,1 b3 b5 bb7
dim7 b9,o7 b9,0eaeee9e-fc4f-4065-924b-1cf9ac1d5f33,1,0 3 6 9 13,1 b3 b5 bb7 b9
dim9,o9,483f65a7-9109-4911-b95b-f8c8065ea93b,1,0 3 6 9 14,1 b3 b5 bb7 9
dim7 b9 #11,o7 b9 #11,efd74afc-4e9f-4763-9166-bba9438da20e,1,0 3 6 9 13 18,1 b3 b5 bb7 b9 #11
dim13(b9 #11),o13(b9 #11),75095d0c-9ccc-4ee5-9fb3-06453419e40d,1,0 3 6 9 13 18 21,1 b3 b5 bb7 b9 #11 13
dim11,o11,6de038e6-a25a-43fe-8793-186ef2a45751,1,0 3 6 9 14 17,1 b3 b5 bb7 9 11
dim7 b9 #11 b13,o7 b9 #11 b13,c2c0b87f-7748-41f3-a409-131c3e69fd3f,1,0 3 6 9 13 18 20,1 b3 b5 bb7 b9 #11 b13
dim13,o13,3aa189fd-5a51-4e9d-a81f-f955143aa61f,1,0 3 6 9 14 17 21,1 b3 b5 bb7 9 11 13
6(b5) b9 #9,6(b5) b9 #9,26303924-4f14-4c65-a548-60fad785764b,0,0 4 6 9 13 15,1 3 b5 6 b9 #9
dim11(b9),o11(b9),04800c88-642a-41df-8f48-58c6161f21fd,1,0 3 6 9 13 17,1 b3 b5 bb7 b9 11
dim13(b9),o13(b9),abc4f7bc-59c9-46fb-89e3-b80a93b6c8bc,1,0 3 6 9 13 17 21,1 b3 b5 bb7 b9 11 13
6(b5) b9 #9 b13,6(b5) b9 #9 b13,f776db43-427d-412a-b4f3-c2d610dfb553,0,0 4 6 9 13 15 20,1 3 b5 6 b9 #9 b13
dim11(b9) b13,o11(b9) b13,4f4cfa3f-37ee-4d50-a890-e0a5ab42a3a5,1,0 3 6 9 13 17 20,1 b3 b5 bb7 b9 11 b13
dim #5,o #5,4e728e3a-ac15-4323-9d43-a5416598b10c,1,0 3 6 8,1 b3 b5 #5
6,6,7429e0e8-8932-452c-b57a-6b965349e04b,0,0 4 7 9,1 3 5 6
6 #9,6 #9,6c0efb9a-7a00-4872-846a-c9cc3b76418b,0,0 4 7 9 15,1 3 5 6 #9
min6,m6,e81e1237-9ea5-4d55-9457-dd96a8faf68c,1,0 3 7 9,1 b3 5 6
min6 11,m6 11,40d7eec2-5eab-44cd-a0a8-01cb73af8f31,1,0 3 7 9 17,1 b3 5 6 11
min6 b9,m6 b9,27331497-7cf3-4250-abec-fb3912ee4c19,1,0 3 7 9 13,1 b3 5 6 b9
min6 b9 b11,m6 b9 b11,c17b6107-d9a2-491f-a345-a198e7b8d8dc,1,0 3 7 9 13 16,1 b3 5 6 b9 b11
min6 b9 b11 b13,m6 b9 b11 b13,037ad5bf-61d0-4b4d-8910-b7243db3043c,1,0 3 7 9 13 16 20,1 b3 5 6 b9 b11 b13
maj9,M9,f730d79d-17bf-4954-ae4b-169d68ca559f,0,0 4 7 11 14,1 3 5 7 9
maj9(sus4),M9(sus4),c96173fd-a4a5-4c44-bf23-5e2979480883,0,0 5 7 11 14,1 4 5 7 9
maj9(sus4) #11,M9(sus4) #11,7e43e653-b82c-48be-a536-86d0e3dd96cf,0,0 5 7 11 14 18,1 4 5 7 9 #11
maj13(sus4) #11,M13(sus4) #11,8431855a-2ca3-4314-b78e-e9095b49bbe7,0,0 5 7 11 14 18 21,1 4 5 7 9 #11 13
maj9(sus4) b7 #11,M9(sus4) b7 #11,018c5985-2c7b-4c0a-b6ed-a04be3ced973,0,0 5 7 10 11 14 18,1 4 5 b7 7 9 #11
maj add 9,M add 9,5449cb3d-a0e4-49c5-9f8c-4c7edb14d48f,0,0 4 7 14,1 3 5 9
maj add 13,M add 13,a9c6dd45-31dc-448a-b1c2-35f98817bc29,0,0 4 7 21,1 3 5 13
maj b9,M b9,213ef7cf-6bab-4f97-9c83-17c9bd2f7d25,0,0 4 7 13,1 3 5 b9
6 9,6 9,a9ffab8c-d98b-4c09-8321-5af978513057,0,0 4 7 9 14,1 3 5 6 9
min9,m9,ea321cbb-e3f9-4878-b934-c2ba0152bb56,1,0 3 7 10 14,1 b3 5 b7 9
min add 9 11,m add 9 11,b698dfa1-ba1d-470b-a741-c5788e99d310,1,0 3 7 14 17,1 b3 5 9 11
min add 9,m add 9,a64fc730-ae67-4b5d-aa6e-66d520dd73f6,1,0 3 7 14,1 b3 5 9
min(no5) add 9,m(no5) add 9,f0d6bd76-aac2-4c7d-9e9f-2c92e11d03cc,1,0 3 14,1 b3 9
min b9,m b9,b6a9450a-defe-47bd-80f7-a1098461ff67,1,0 3 7 13,1 b3 5 b9
min add 11,m add 11,c03cad04-c3fe-4172-9b4d-e3feacf95c2a,1,0 3 7 17,1 b3 5 11
min add 13,m add 13,14b25185-5901-4a51-8e72-e48e3adf3dba,1,0 3 7 21,1 b3 5 13
min #11,m #11,8aaf4a09-1d29-47f6-afdc-58507bdd4f15,1,0 3 7 18,1 b3 5 #11
min6 9,m6 9,1386f23d-9e99-484f-8289-cb73445b67d0,1,0 3 7 9 14,1 b3 5 6 9
9(b5),9(b5),c99e25a9-a1f0-4533-9784-4aff3294696e,0,0 4 6 10 14,1 3 b5 b7 9
min9(b5),m9(b5),6c32e8dc-c844-4867-9cc6-704d7de52838,1,0 3 6 10 14,1 b3 b5 b7 9
9(b5) #9,9(b5) #9,c5876a7c-32c3-4454-8cf2-e1b11a330cc0,0,0 4 6 10 14 15,1 3 b5 b7 9 #9
9(b5) #9 b13,9(b5) #9 b13,7da6e8d9-4e5a-4e4e-9fbc-09115f6417f1,0,0 4 6 10 14 15 20,1 3 b5 b7 9 #9 b13
9,9,a376f013-c97d-4df6-808a-1b8e6e76fbe5,0,0 4 7 10 14,1 3 5 b7 9
maj b9 #9,M b9 #9,fea2d904-0b89-45ee-916b-a5b3afea4f72,0,0 4 7 13 15,1 3 5 b9 #9
7 b9,7 b9,4eeb7525-3ab4-4407-942c-a462e8d4b681,0,0 4 7 10 13,1 3 5 b7 b9
11(b9) b13,11(b9) b13,ca8425b5-d4b8-4c56-871e-97c863403da1,0,0 4 7 10 13 17 20,1 3 5 b7 b9 11 b13
7 b9 b11 b13,7 b9 b11 b13,ff2c9f7c-b6a7-412d-a10b-6d02afab7e55,0,0 4 7 10 13 16 20,1 3 5 b7 b9 b11 b13
7 #9,7 #9,8ef9d3d5-d055-49dc-84e9-7e4b1d3052d1,0,0 4 7 10 15,1 3 5 b7 #9
7 #11,7 #11,429c7ea7-f55b-458d-a505-a4d9a94c3f90,0,0 4 7 10 18,1 3 5 b7 #11
7(b5) b9,7(b5) b9,2c6fbe06-8cb8-408f-a241-40f836d09415,0,0 4 6 10 13,1 3 b5 b7 b9
7(b5) #9,7(b5) #9,4d8f908d-4e0a-4954-a939-f7b7126f1047,0,0 4 6 10 15,1 3 b5 b7 #9
7(#5) b9,7(#5) b9,bad30c97-7e95-4970-b0b8-a784eca41ac6,0,0 4 8 10 13,1 3 #5 b7 b9
7(#5) #9,7(#5) #9,068c65e2-5ee5-4ad7-bbd7-2d832c5b3063,0,0 4 8 10 15,1 3 #5 b7 #9
9(#5),9(#5),c480ce90-ffcc-4a15-9f8b-6668151e91a8,0,0 4 8 10 14,1 3 #5 b7 9
9 b11,9 b11,c1cebbbe-d0d9-4a1a-90c5-ca2df489aa3c,0,0 4 7 10 14 16,1 3 5 b7 9 b11
9(#5) #11,9(#5) #11,1079709e-8e9d-4d8e-82ac-4c98aba03731,0,0 4 8 10 14 18,1 3 #5 b7 9 #11
9(#5) #11 #13,9(#5) #11 #13,dff1ab92-5f69-475e-bb89-a1c546c0e8b6,0,0 4 8 10 14 18 22,1 3 #5 b7 9 #11 #13
13(#5),13(#5),b5738bc0-0bb4-444d-b658-7dc1598af30a,0,0 4 8 10 14 17 21,1 3 #5 b7 9 11 13
13(b5),13(b5),2356f5de-1dd0-4a04-99df-40830fd76352,0,0 4 6 10 14 17 21,1 3 b5 b7 9 11 13
13(b5 b9),13(b5 b9),0be72a5c-7114-4cd6-9d86-1347dc885dde,0,0 4 6 10 13 17 21,1 3 b5 b7 b9 11 13
13(b11),13(b11),aa0fa999-701a-40b4-b874-05436793a944,0,0 4 7 10 14 16 21,1 3 5 b7 9 b11 13
13(#5 #9),13(#5 #9),7f0c4504-a004-45f7-824a-e8ce990b52b0,0,0 4 8 10 15 17 21,1 3 #5 b7 #9 11 13
13(#5 #11),13(#5 #11),5fe5041e-eb3b-4679-bca4-949cb4e1eef1,0,0 4 8 10 14 18 21,1 3 #5 b7 9 #11 13
9(sus4),9(sus4),621e1cc4-5dca-46e2-b53a-f63e963302f0,0,0 5 7 10 14,1 4 5 b7 9
7(sus4) b9,7(sus4) b9,0553d51b-bfff-4a42-ae87-be34280d92c0,0,0 5 7 10 13,1 4 5 b7 b9
min9 #11,m9 #11,2dcd528e-31e5-4d98-90c2-61d28d7f981c,1,0 3 7 10 14 18,1 b3 5 b7 9 #11
min9 b11,m9 b11,9f382d69-832e-4101-bbe1-94a01f88924d,1,0 3 7 10 14 16,1 b3 5 b7 9 b11
min9 b11 b13,m9 b11 b13,d82965bc-3622-41b3-a24d-6e104d669894,1,0 3 7 10 14 16 20,1 b3 5 b7 9 b11 b13
min9 #11 b13,m9 #11 b13,01e11ad2-63d2-433b-a9fd-16c47702676b,1,0 3 7 10 14 18 20,1 b3 5 b7 9 #11 b13
maj9 #11,M9 #11,5e7c4967-ab73-43ca-bbc6-f8288f941315,0,0 4 7 11 14 18,1 3 5 7 9 #11
maj9 #11 b13,M9 #11 b13,bd290bd1-ab72-43d0-b701-d2debd92e68e,0,0 4 7 11 14 18 20,1 3 5 7 9 #11 b13
maj9 b7 #11,M9 b7 #11,b8ec40b4-bf29-435d-81f3-5c2dae6b305f,0,0 4 7 10 11 14 18,1 3 5 b7 7 9 #11
9 #11,9 #11,8a34a587-7052-4467-a4af-52b8356920b8,0,0 4 7 10 14 18,1 3 5 b7 9 #11
9 #11 b13,9 #11 b13,1dff5412-41e5-4c53-84a6-73d3ba7dc4a1,0,0 4 7 10 14 18 20,1 3 5 b7 9 #11 b13
11,11,67e50796-54a2-489f-8eee-d6be9b7b592c,0,0 4 7 10 14 17,1 3 5 b7 9 11
11(b5),11(b5),a2829308-f04a-4050-874e-eb4895f24c90,0,0 4 6 10 14 17,1 3 b5 b7 9 11
11(#5),11(#5),31bc3c5e-64b3-42f7-994c-2198d3ac7b67,0,0 4 8 10 14 17,1 3 #5 b7 9 11
11(#5 #9),11(#5 #9),1d931892-604c-4d4d-9fd5-7493576f8374,0,0 4 8 10 15 17,1 3 #5 b7 #9 11
11(b5 b9),11(b5 b9),62404c9e-33f8-4193-8765-f144eb28a7d6,0,0 4 6 10 13 17,1 3 b5 b7 b9 11
11(b9),11(b9),e597596b-9bfa-4b30-b863-977d8880f8ce,0,0 4 7 10 13 17,1 3 5 b7 b9 11
11(b5) b13,11(b5) b13,f7046f6a-8150-4e7f-958e-db6d7b00a387,0,0 4 6 10 14 17 20,1 3 b5 b7 9 11 b13
11(b5 b9) b13,11(b5 b9) b13,88b802e9-3e43-4dea-8613-eb32052f6638,0,0 4 6 10 13 17 20,1 3 b5 b7 b9 11 b13
11(b5 b9) #13,11(b5 b9) #13,13c25cb5-d019-4220-b834-b301a31319bc,0,0 4 6 10 13 17 22,1 3 b5 b7 b9 11 #13
11 b13,11 b13,7d6efc36-6c5b-4e61-9ca0-c65d9bbf12e0,0,0 4 7 10 14 17 20,1 3 5 b7 9 11 b13
min11,m11,8832f04b-4159-421a-9457-0f8c182c4c8e,1,0 3 7 10 14 17,1 b3 5 b7 9 11
min11(b5),m11(b5),036e5bd1-c647-4050-b6f4-fa49dfe93473,1,0 3 6 10 14 17,1 b3 b5 b7 9 11
min11(b5) b13,m11(b5) b13,17065a6d-6975-41ce-ad4c-32c202b1d1d6,1,0 3 6 10 14 17 20,1 b3 b5 b7 9 11 b13
maj11,M11,3c157ab9-3bda-4946-a11c-b5b25c424b7a,0,0 4 7 11 14 17,1 3 5 7 9 11
maj add 11,M add 11,8edea64b-ff99-4927-ab05-26b89a9dd5ed,0,0 4 7 17,1 3 5 11
maj add 9 11,M add 9 11,2dbebfd0-c109-4724-b92d-488676cd42df,0,0 4 7 14 17,1 3 5 9 11
maj #11,M #11,92d880d8-fe4d-4fd8-b94c-3d48d6a39f83,0,0 4 7 18,1 3 5 #11
maj13,M13,5a740f0b-ec60-4ad0-b4a2-6528b357b7d5,0,0 4 7 11 14 17 21,1 3 5 7 9 11 13
maj13(sus4),M13(sus4),926039cf-ad1b-4aa4-8b55-89b0f353d655,0,0 5 7 11 14 17 21,1 4 5 7 9 11 13
maj13(#11),M13(#11),b2bb02f1-ce5b-403d-951c-26045611ae2c,0,0 4 7 11 14 18 21,1 3 5 7 9 #11 13
maj13(#9 #11),M13(#9 #11),3e327551-647a-4bef-aa0a-0a14d4a62675,0,0 4 7 11 15 18 21,1 3 5 7 #9 #11 13
maj11 b13,M11 b13,5b82ded9-2b83-4d06-bcad-e4ec9e2d20f9,0,0 4 7 11 14 17 20,1 3 5 7 9 11 b13
min13,m13,24ed47bd-58c3-4d32-a553-77ff96fae25c,1,0 3 7 10 14 17 21,1 b3 5 b7 9 11 13
min13(#11),m13(#11),801e4f37-9bbc-4298-9530-951243e654b2,1,0 3 7 10 14 18 21,1 b3 5 b7 9 #11 13
min13(#9 #11),m13(#9 #11),923d8064-ff45-41e9-8808-26df9fe2d6a5,1,0 3 7 10 15 18 21,1 b3 5 b7 #9 #11 13
min13(b5),m13(b5),4fc57486-41ec-430d-b812-0d2a88504f37,1,0 3 6 10 14 17 21,1 b3 b5 b7 9 11 13
min13(b9),m13(b9),2676bc15-cae0-4c3d-9993-483a41f0e87d,1,0 3 7 10 13 17 21,1 b3 5 b7 b9 11 13
13,13,d9ef38fb-7219-44bf-8e17-1ec9bb66ee2f,0,0 4 7 10 14 17 21,1 3 5 b7 9 11 13
13(b9),13(b9),9501bbd7-b097-4937-83c3-99722f5c5f17,0,0 4 7 10 13 17 21,1 3 5 b7 b9 11 13
13(#9 #11),13(#9 #11),95de95fc-1018-4437-b393-38d9b4343a71,0,0 4 7 10 15 18 21,1 3 5 b7 #9 #11 13
13(b9 #11),13(b9 #11),29787bf8-9e13-406b-ad70-89ce0be3ebeb,0,0 4 7 10 13 18 21,1 3 5 b7 b9 #11 13
13(#9),13(#9),82e08ee3-d567-42a9-8238-5a9a9a21aa60,0,0 4 7 10 15 17 21,1 3 5 b7 #9 11 13
13(#11),13(#11),f456e392-0164-49f8-a28e-bcbc7ace3711,0,0 4 7 10 14 18 21,1 3 5 b7 9 #11 13
13(sus4),13(sus4),545d869c-de28-4e77-929c-8e8291655fa0,0,0 5 7 10 14 17 21,1 4 5 b7 9 11 13
7 11,7 11,af35b861-a786-4e2d-ac1a-ec409fb9858c,0,0 4 7 10 17,1 3 5 b7 11
7 13,7 13,34c5b54a-95e8-4b72-8465-8afb9747d2ef,0,0 4 7 10 21,1 3 5 b7 13
7 11 13,7 11 13,074a6481-17ba-454e-9cb1-cb81343160f4,0,0 4 7 10 17 21,1 3 5 b7 11 13
7 maj7,7 M7,2c5416cf-203d-41ef-b734-cbc97fce6686,0,0 4 7 10 11,1 3 5 b7 7
5 maj7 #11,5 M7 #11,0f3ffc18-bdce-4f64-a90a-d05785dc6e0e,0,0 7 11 18,1 5 7 #11
7 maj7 #11,7 M7 #11,7a829ed0-7b1a-4b1e-b8dc-07d8a390610b,0,0 4 7 10 11 18,1 3 5 b7 7 #11
7 maj7 b9 #9,7 M7 b9 #9,973b2b7e-8a2a-4987-bfe2-6c8211c0df9a,0,0 4 7 10 11 13 15,1 3 5 b7 7 b9 #9
maj #9,M #9,71e25072-211e-4d8c-b315-f540bda2badd,0,0 4 7 15,1 3 5 #9
maj #9 b13,M #9 b13,4a648fd5-484a-4ab0-a988-1c6388904bae,0,0 4 7 15 20,1 3 5 #9 b13
maj7 11,M7 11,aac0cfac-72e5-47a2-9a07-25f30cb45d58,0,0 4 7 11 17,1 3 5 7 11
maj7 13,M7 13,0d2ce207-4a06-4f97-9e32-b86bc1e05656,0,0 4 7 11 21,1 3 5 7 13
maj7 11 13,M7 11 13,d022edb2-1506-4087-a53f-2241aad026f2,0,0 4 7 11 17 21,1 3 5 7 11 13
maj7 #11,M7 #11,1ad1b93f-3b2c-48c0-bb27-945fa3add9e2,0,0 4 7 11 18,1 3 5 7 #11
maj7 #11 b13,M7 #11 b13,e2252f25-308f-401b-8b24-b1596b5c08d7,0,0 4 7 11 18 20,1 3 5 7 #11 b13
aug #9 #11,+ #9 #11,4b102961-5870-489e-82cc-ae019cb98e33,0,0 4 8 15 18,1 3 #5 #9 #11
7(#5),7(#5),b9305258-617f-418f-be80-10371b2c9d0c,0,0 4 8 10,1 3 #5 b7
maj7(#5),M7(#5),fb83b6c1-d593-491b-a6cb-3b5e410e2ef6,0,0 4 8 11,1 3 #5 7
7(#5) maj7 b9,7(#5) M7 b9,c0432a5e-724c-4ea0-bd6c-ccd7125673ce,0,0 4 8 10 11 13,1 3 #5 b7 7 b9
aug add 9,+ add 9,5eeda11c-b0f3-45b0-a2c7-639a51ef17f7,0,0 4 8 14,1 3 #5 9
aug add 11,+ add 11,2ac495c3-0c8a-4467-867a-c6d458cef1cb,0,0 4 8 17,1 3 #5 11
aug add 9 11,+ add 9 11,1c406dd5-c41f-4e16-b061-deebb0cd5ebb,0,0 4 8 14 17,1 3 #5 9 11
aug add 13,+ add 13,c9b38b33-5a32-42a7-8ac3-381e726cfc03,0,0 4 8 21,1 3 #5 13
maj9(#5),M9(#5),838641da-5954-481c-9521-5ab9b7fc8f2d,0,0 4 8 11 14,1 3 #5 7 9
maj11(#5),M11(#5),4bbd58bd-3b75-4146-893e-0b3100d5f9c7,0,0 4 8 11 14 17,1 3 #5 7 9 11
maj11(#5 #9),M11(#5 #9),25824b81-ceb0-446d-8e15-0c96c0155a15,0,0 4 8 11 15 17,1 3 #5 7 #9 11
maj11(b5),M11(b5),5f27f74f-5815-4510-9b14-1e7f01d51be2,0,0 4 6 11 14 17,1 3 b5 7 9 11
maj11(b9),M11(b9),87e67b90-ced6-457a-ae76-43e8df4e042e,0,0 4 7 11 13 17,1 3 5 7 b9 11
maj11(b9) b13,M11(b9) b13,68b732ba-2ffe-4187-ade6-4397f880ac48,0,0 4 7 11 13 17 20,1 3 5 7 b9 11 b13
maj11(b5 b9),M11(b5 b9),3fa55f16-5da2-4709-9405-472ef8d3b94b,0,0 4 6 11 13 17,1 3 b5 7 b9 11
maj11(b5 b9) b13,M11(b5 b9) b13,aa4bd2eb-2952-46e5-9574-0c8e4d55d353,0,0 4 6 11 13 17 20,1 3 b5 7 b9 11 b13
maj11(#9),M11(#9),1e3fd642-0bfb-49c3-9aa6-d659b6fd4912,0,0 4 7 11 15 17,1 3 5 7 #9 11
maj11(#9) b7,M11(#9) b7,79197aa9-d4f0-4e03-9788-2014b5866048,0,0 4 7 10 11 15 17,1 3 5 b7 7 #9 11
maj11(#9) b13,M11(#9) b13,2ef7eb87-9707-4a69-89bd-6c04a50be22c,0,0 4 7 11 15 17 20,1 3 5 7 #9 11 b13
maj13(#5),M13(#5),c789fcb9-580d-44a5-84cb-cc7373673449,0,0 4 8 11 14 17 21,1 3 #5 7 9 11 13
maj13(#9),M13(#9),d3b14dde-7e69-4f51-b02f-ef677e3ed88e,0,0 4 7 11 15 17 21,1 3 5 7 #9 11 13
maj13(#5 #9),M13(#5 #9),4542d467-4c18-42f2-b978-8981d34bfd50,0,0 4 8 11 15 17 21,1 3 #5 7 #9 11 13
maj9(#5) #11,M9(#5) #11,6aab9648-3a2a-4387-a841-c55ffa90ad57,0,0 4 8 11 14 18,1 3 #5 7 9 #11
maj9(#5) b7 #11,M9(#5) b7 #11,e34ffcd9-fa9a-4449-8e85-3f8843797f19,0,0 4 8 10 11 14 18,1 3 #5 b7 7 9 #11
maj9(#5) #11 b13,M9(#5) #11 b13,4f72411a-4043-417e-967e-6bdc87865b4c,0,0 4 8 11 14 18 20,1 3 #5 7 9 #11 b13
maj13(#5 #11),M13(#5 #11),86054116-2b53-4b51-a5e0-f9aab543eac8,0,0 4 8 11 14 18 21,1 3 #5 7 9 #11 13
maj7(#5) #9,M7(#5) #9,1fe3d1ab-9f6b-4a47-9a93-384043e1a08e,0,0 4 8 11 15,1 3 #5 7 #9
maj7(#5) #9 #11,M7(#5) #9 #11,dea4ccde-d97b-48b9-9995-003cbd0c04cc,0,0 4 8 11 15 18,1 3 #5 7 #9 #11
maj7(#5) #9 #11 #13,M7(#5) #9 #11 #13,35e55cc5-fab4-4940-8f2a-188e9a24dc07,0,0 4 8 11 15 18 22,1 3 #5 7 #9 #11 #13
maj13(#5 #9 #11),M13(#5 #9 #11),d77666fd-8864-442c-8df4-eec388447156,0,0 4 8 11 15 18 21,1 3 #5 7 #9 #11 13
maj7 #9 #11 #13,M7 #9 #11 #13,d08c941e-713a-4fd6-beda-8c0a454cd011,0,0 4 7 11 15 18 22,1 3 5 7 #9 #11 #13
dim b9,o b9,e85fa7ef-d1c9-484c-b9ae-dc17721ed427,1,0 3 6 13,1 b3 b5 b9
dim b9 11,o b9 11,33642ee1-ee7f-4c85-9d32-77fea62d6b50,1,0 3 6 13 17,1 b3 b5 b9 11
dim b9 11 b13,o b9 11 b13,1463e72c-63a1-477a-bc68-4d5c26e74bbe,1,0 3 6 13 17 20,1 b3 b5 b9 11 b13
dim add 9,o add 9,73db8979-50c7-471e-9a92-beb4e521b557,1,0 3 6 14,1 b3 b5 9
dim #9,o #9,42a532ef-6443-4733-84e1-b13c53c3d417,1,0 3 6 15,1 b3 b5 #9
5,5,0b5fb63b-9c66-4f5b-bf1b-0540c8cc413c,0,0 7,1 5
5 #11,5 #11,304ef0fc-eafe-4d93-9a80-24d1c46449d0,0,0 7 18,1 5 #11
7(no3),7(no3),2e29cc88-7a3f-4982-a488-e6a56fab2faf,0,0 7 10,1 5 b7
maj7(no3),M7(no3),d9a1d932-e25d-4184-abbb-61d806f6c00d,0,0 7 11,1 5 7
maj7(no3 b5),M7(no3 b5),a08e5ed9-b372-44ae-b873-9a596a668174,0,0 6 11,1 b5 7
maj7(no3 #5),M7(no3 #5),110fb4a2-b389-4b0e-ab15-bca98d534dd5,0,0 8 11,1 #5 7
maj(b5),M(b5),d8ccc054-3417-4ef0-9438-383583fc3672,0,0 4 6,1 3 b5
maj(b5) b9,M(b5) b9,fdf43e74-301a-41c3-875d-c57227c7aaba,0,0 4 6 13,1 3 b5 b9
maj(b5) #9,M(b5) #9,8c9d608b-bc5e-4db5-8fa7-3c179dd9c6f3,0,0 4 6 15,1 3 b5 #9
maj(b5) 11,M(b5) 11,20458c05-1b6d-4e65-8885-cc93e25e9be0,0,0 4 6 17,1 3 b5 11
maj(no5),M(no5),e038ffaf-6dd3-47a3-93de-2ddc54c89a94,0,0 4,1 3
min(no5),m(no5),5998db16-29a2-4880-b263-4c8aa4a30187,1,0 3,1 b3
min(no5) maj7,m(no5) M7,a005e375-7f89-43e7-a7cc-2db0efd507fa,1,0 3 11,1 b3 7
min #11 b13,m #11 b13,51776e92-43f2-4e84-ac54-9edb9bbbcea3,1,0 3 7 18 20,1 b3 5 #11 b13
maj(no5) 9,M(no5) 9,9159328e-52b1-4565-af47-509f79972e57,0,0 4 14,1 3 9
sus2(b5),sus2(b5),b2418155-1be6-4e76-9820-ac4d1117339d,0,0 2 6,1 2 b5
6(sus4),6(sus4),cc2d84bd-f83f-432a-a45b-1486e6d37162,0,0 5 7 9,1 4 5 6
6(sus2),6(sus2),8784fde2-4a55-4cf5-ae12-984c6fb83bc9,0,0 2 7 9,1 2 5 6
6(sus2) b9,6(sus2) b9,544744ce-100a-468f-80da-c17848565663,0,0 2 7 9 13,1 2 5 6 b9
6 9 b9,6 9 b9,8c43e22b-1c18-41b8-a841-da2841c875f2,0,0 4 7 9 13 14,1 3 5 6 b9 9
6 9 b9 b13,6 9 b9 b13,1c3016a4-084e-462e-9305-486a8738445e,0,0 4 7 9 13 14 20,1 3 5 6 b9 9 b13
6(sus2 b5),6(sus2 b5),e0838e12-12ec-4263-a6b5-908f579525d0,0,0 2 6 9,1 2 b5 6
6(sus2 b5) b9,6(sus2 b5) b9,8f517959-7e53-4bd6-b807-48834f9bb517,0,0 2 6 9 13,1 2 b5 6 b9
6(sus2 b5) b9 11,6(sus2 b5) b9 11,d0759da9-4a01-4fdd-ab41-357e0a26e366,0,0 2 6 9 13 17,1 2 b5 6 b9 11
6(sus2 b5) b9 11 b13,6(sus2 b5) b9 11 b13,90d94d10-ea44-4d98-9a19-276a790353fb,0,0 2 6 9 13 17 20,1 2 b5 6 b9 11 b13
6(b5) 9 b9,6(b5) 9 b9,82cfc8c9-6c83-4951-ae01-6695ebf4bb68,0,0 4 6 9 13 14,1 3 b5 6 b9 9
6(b5) 9 b9 b13,6(b5) 9 b9 b13,066f6d71-b77a-40cf-8b50-e5b572141458,0,0 4 6 9 13 14 20,1 3 b5 6 b9 9 b13
6(sus2) b5 b9 11,6(sus2) b5 b9 11,9997614a-8449-46d2-a373-3fb9bcf04f8b,0,0 2 7 6 9 13 17,1 2 5 b5 6 b9 11
